﻿designator,quantity,value,pack,mpn,mount_type
"C1, C3, C4, C5, C7",5,10uF,C_0603_1608Metric,GRM188Z71A106KA73D,smt
"C2, C8",2,0.1uF,C_0603_1608Metric,GRM188R72A104KA35D,smt
C6,1,120pF,C_0201_0603Metric,GRM033R71E121KA01D,smt
"D1, D2",2,BAT60A,D_SOD-323,BAT60AE6327HTSA1,smt
"D3, D4",2,ESD5Z5.0T1G,D_SOD-523,ESD5Z5.0T1G,smt
"D5, D8",2,Green,LED_0603_1608Metric,150060VS75000,smt
D6,1,Amber (RX),LED_0201_0603Metric,150060AS75000,smt
D7,1,Green (TX),LED_0201_0603Metric,150060VS75000,smt
D9,1,Amber,LED_0603_1608Metric,150060AS75000,smt
"H1, H2, H3, H4",4,MountingHole,MountingHole_3mm,,tht
J1,1,USB_A,USB_A_Molex_48037-2200_Horizontal,0480372200,smt
J2,1,USB_B_Micro,USB_Micro-B_Amphenol_10118193-0001LF_Horizontal,10118193-0001LF,smt
J3,1,BM04B,BM04B-SRSS-TB_LFSN_,BM04B-SRSS-TB(LF)(SN),smt
L1,1,470nH DFE201610E-R47M,DFE201610E-R47M=P2,DFE201610E-R47M=P2,smt
"Q1, Q2",2,MMBT4124,SOT-23,MMBT4124LT1G,smt
Q3,1,BSH111BKR,SOT-23,BSH111BKR,smt
"R1, R11, R2, R9",4,10k,R_0201_0603Metric,RC0201FR-0710KL,smt
"R10, R12, R13, R16, R17",5,1k,R_0201_0603Metric,RC0201FR-071KL,smt
R3,1,1K,R_0201_0603Metric,RC0201FR-071KL,smt
R4,1,2k (1%),R_0201_0603Metric,RC0201FR-072KL,smt
R5,1,22.1k,R_0201_0603Metric,ERJ-1GNF2212C,smt
R6,1,47.5k,R_0201_0603Metric,ERJ-1GNF4752C,smt
R7,1,100k,R_0201_0603Metric,RC0201FR-07100KL,smt
R8,1,453k,R_0201_0603Metric,RC0201FR-07453KL,smt
"S1, S2, S3, S4, S5",5,EVQ-P7L01P,SW_EVQ-P7L01P,EVQ-P7L01P,smt
TP1,1,GND,TestPoint_Pad_2.0x2.0mm,,tht
TP2,1,(3.3V),TestPoint_Pad_2.0x2.0mm,,tht
TP3,1,(5V),TestPoint_Pad_2.0x2.0mm,,tht
U1,1,ESP32-S3-MINI-1,ESP32-S2-MINI-1,ESP32-S3-MINI-1-N8,smt
U2,1,CP2102N-Axx-xQFN28,QFN-28-1EP_5x5mm_P0.5mm_EP3.35x3.35mm,CP2102N-A02-GQFN28,smt
"U3, U4",2,TPD2EUSB30A,Texas_DRT-3,TPD2EUSB30ADRTR,smt
U5,1,TPS62823DLC,Texas_VSON-HR-8_1.5x2mm_P0.5mm,TPS62823DLCT,smt
U6,1,"HiLetGo 0.95"" OLED",OLED 0.95in Receptacle+Holes Only Footprint,,tht
