﻿pos_x,pos_y,rotation,side,designator,mpn,pack,value,mount_type,place
248.793,-67.6448,0.0,bottom,C1,GRM188Z71A106KA73D,C_0603_1608Metric,10uF,smt,True
248.793,-69.215,0.0,bottom,C2,GRM188R72A104KA35D,C_0603_1608Metric,0.1uF,smt,True
232.8672,-64.4398,-90.0,bottom,C3,GRM188Z71A106KA73D,C_0603_1608Metric,10uF,smt,True
230.8476,-64.4398,-90.0,bottom,C4,GRM188Z71A106KA73D,C_0603_1608Metric,10uF,smt,True
236.0552,-63.2968,180.0,bottom,C5,GRM188Z71A106KA73D,C_0603_1608Metric,10uF,smt,True
236.2352,-69.5452,0.0,bottom,C6,GRM033R71E121KA01D,C_0201_0603Metric,120pF,smt,True
245.364,-67.3608,0.0,top,C7,GRM188Z71A106KA73D,C_0603_1608Metric,10uF,smt,True
245.364,-65.8114,0.0,top,C8,GRM188R72A104KA35D,C_0603_1608Metric,0.1uF,smt,True
243.044,-62.8142,0.0,bottom,D1,BAT60AE6327HTSA1,D_SOD-323,BAT60A,smt,True
243.0948,-60.6044,0.0,bottom,D2,BAT60AE6327HTSA1,D_SOD-323,BAT60A,smt,True
247.461,-60.8584,180.0,bottom,D3,ESD5Z5.0T1G,D_SOD-523,ESD5Z5.0T1G,smt,True
247.461,-58.9788,180.0,bottom,D4,ESD5Z5.0T1G,D_SOD-523,ESD5Z5.0T1G,smt,True
227.4317,-61.4934,180.0,bottom,D5,150060VS75000,LED_0603_1608Metric,Green,smt,True
246.4156,-73.8886,0.0,bottom,D6,150060AS75000,LED_0201_0603Metric,Amber (RX),smt,True
246.4202,-75.0824,0.0,bottom,D7,150060VS75000,LED_0201_0603Metric,Green (TX),smt,True
196.977,-59.4107,90.0,top,D8,150060VS75000,LED_0603_1608Metric,Green,smt,True
199.5678,-59.4107,90.0,top,D9,150060AS75000,LED_0603_1608Metric,Amber,smt,True
252.5776,-52.3748,0.0,top,H1,,MountingHole_3mm,MountingHole,tht,False
191.1604,-52.3748,0.0,top,H2,,MountingHole_3mm,MountingHole,tht,False
191.1604,-80.8228,0.0,top,H3,,MountingHole_3mm,MountingHole,tht,False
252.5776,-80.8228,0.0,top,H4,,MountingHole_3mm,MountingHole,tht,False
259.999,-66.6242,0.0,top,J1,0480372200,USB_A_Molex_48037-2200_Horizontal,USB_A,smt,True
243.5626,-52.705,180.0,top,J2,10118193-0001LF,USB_Micro-B_Amphenol_10118193-0001LF_Horizontal,USB_B_Micro,smt,True
247.0164,-78.8852,180.0,top,J3,BM04B-SRSS-TB(LF)(SN),BM04B-SRSS-TB_LFSN_,BM04B,smt,True
235.1532,-61.2648,180.0,bottom,L1,DFE201610E-R47M=P2,DFE201610E-R47M=P2,470nH DFE201610E-R47M,smt,True
242.1484,-74.7682,90.0,top,Q1,MMBT4124LT1G,SOT-23,MMBT4124,smt,True
245.9076,-74.7682,90.0,top,Q2,MMBT4124LT1G,SOT-23,MMBT4124,smt,True
227.0529,-65.4914,180.0,bottom,Q3,BSH111BKR,SOT-23,BSH111BKR,smt,True
238.034,-74.3204,0.0,top,R1,RC0201FR-0710KL,R_0201_0603Metric,10k,smt,True
228.1682,-60.071,0.0,bottom,R10,RC0201FR-071KL,R_0201_0603Metric,1k,smt,True
248.0924,-71.5264,0.0,bottom,R11,RC0201FR-0710KL,R_0201_0603Metric,10k,smt,True
248.0924,-73.8886,0.0,bottom,R12,RC0201FR-071KL,R_0201_0603Metric,1k,smt,True
248.0924,-75.0824,0.0,bottom,R13,RC0201FR-071KL,R_0201_0603Metric,1k,smt,True
203.3778,-60.1472,-90.0,top,R16,RC0201FR-071KL,R_0201_0603Metric,1k,smt,True
204.5462,-60.1472,-90.0,top,R17,RC0201FR-071KL,R_0201_0603Metric,1k,smt,True
238.034,-75.3364,0.0,top,R2,RC0201FR-0710KL,R_0201_0603Metric,10k,smt,True
248.0818,-70.5358,180.0,bottom,R3,RC0201FR-071KL,R_0201_0603Metric,1K,smt,True
215.1888,-75.7174,0.0,top,R4,RC0201FR-072KL,R_0201_0603Metric,2k (1%),smt,True
246.7,-64.5414,0.0,bottom,R5,ERJ-1GNF2212C,R_0201_0603Metric,22.1k,smt,True
246.7,-65.532,180.0,bottom,R6,ERJ-1GNF4752C,R_0201_0603Metric,47.5k,smt,True
236.2352,-68.58,0.0,bottom,R7,RC0201FR-07100KL,R_0201_0603Metric,100k,smt,True
236.2306,-67.5894,180.0,bottom,R8,RC0201FR-07453KL,R_0201_0603Metric,453k,smt,True
228.1682,-63.0428,0.0,bottom,R9,RC0201FR-0710KL,R_0201_0603Metric,10k,smt,True
191.0334,-61.8744,-90.0,top,S1,EVQ-P7L01P,SW_EVQ-P7L01P,EVQ-P7L01P,smt,True
191.0334,-70.0786,-90.0,top,S2,EVQ-P7L01P,SW_EVQ-P7L01P,EVQ-P7L01P,smt,True
197.5138,-52.234,180.0,top,S3,EVQ-P7L01P,SW_EVQ-P7L01P,EVQ-P7L01P,smt,True
205.5402,-52.2616,180.0,top,S4,EVQ-P7L01P,SW_EVQ-P7L01P,EVQ-P7L01P,smt,True
229.6702,-80.7328,0.0,top,S5,EVQ-P7L01P,SW_EVQ-P7L01P,EVQ-P7L01P,smt,True
220.4212,-61.1378,180.0,bottom,TP1,,TestPoint_Pad_2.0x2.0mm,GND,tht,False
231.3686,-61.1378,180.0,bottom,TP2,,TestPoint_Pad_2.0x2.0mm,(3.3V),tht,False
239.8268,-61.1378,180.0,bottom,TP3,,TestPoint_Pad_2.0x2.0mm,(5V),tht,False
202.9056,-72.175,180.0,top,U1,ESP32-S3-MINI-1-N8,ESP32-S2-MINI-1,ESP32-S3-MINI-1,smt,True
243.7154,-69.8246,-90.0,bottom,U2,CP2102N-A02-GQFN28,QFN-28-1EP_5x5mm_P0.5mm_EP3.35x3.35mm,CP2102N-Axx-xQFN28,smt,True
251.8596,-66.4408,90.0,bottom,U3,TPD2EUSB30ADRTR,Texas_DRT-3,TPD2EUSB30A,smt,True
243.8852,-58.8704,0.0,bottom,U4,TPD2EUSB30ADRTR,Texas_DRT-3,TPD2EUSB30A,smt,True
236.3082,-65.6198,90.0,bottom,U5,TPS62823DLCT,Texas_VSON-HR-8_1.5x2mm_P0.5mm,TPS62823DLC,smt,True
238.6264,-82.1624,180.0,top,U6,,OLED 0.95in Receptacle+Holes Only Footprint,"HiLetGo 0.95"" OLED",tht,True
